,timestep,total-effect,direct-effect,indirect-effect,spurious-effect
0,0,0.5311699103278361,0.26197342297909043,0.2691964873487457,
