,timestep,total-effect,direct-effect,indirect-effect,spurious-effect
0,0,0.3880763932422817,0.3997217488132833,-0.011645355571001626,
