,timestep,total-effect,direct-effect,indirect-effect,spurious-effect
0,0,0.43244650654369743,0.17358283866483504,0.1136677991477519,0.14519586873111048
