,timestep,total-effect,direct-effect,indirect-effect,spurious-effect
0,0,0.38742218276485274,0.39918317126502745,-0.01168418635481626,-7.68021453584107e-05
