"timestep","total-effect","direct-effect","indirect-effect","spurious-effect"
0,0.530703861912877,0.515464662448987,0.0069414866982385,-0.00829771276565076
