"timestep","total-effect","direct-effect","indirect-effect","spurious-effect"
0,0.387909539585254,0.404691949143431,-0.0186583084434814,-0.00187589888530391
