,timestep,total-effect,direct-effect,indirect-effect
0,0,-0.14819829162404602,-0.149884266688959,0.0016859750649129565
1,1,-0.1625950339500464,-0.16381701907855606,0.0012219851285096585
2,2,-0.16010979396390068,-0.1616977676108482,0.0015879736469475083
3,3,-0.15707428871365822,-0.15887833996067263,0.0018040512470144023
4,4,-0.15687466942670333,-0.15656083453980385,-0.000313834886899488
5,5,-0.1570171079232894,-0.15817325689934092,0.0011561489760515094
6,6,-0.1614438904684818,-0.16243081925916147,0.0009869287906796728
7,7,-0.17103897341720975,-0.17180870751685484,0.0007697340996451038
